[
    {"word": "Swafoto", "definition": "Padanan kata baru untuk selfie"},
    {"word": "Ngoding", "definition": "Kegiatan menulis kode program"},
    {"word": "Staycation", "definition": "Liburan di rumah atau sekitar tempat tinggal"},
    {"word": "Kolaborasi daring", "definition": "Bekerja sama secara online"},
    {"word": "Microblogging", "definition": "Membuat postingan singkat di media sosial"},
    {"word": "Smartwatch", "definition": "Jam tangan dengan fitur pintar"},
    {"word": "Viral challenge", "definition": "Tantangan yang populer di media sosial"},
    {"word": "Voice assistant", "definition": "Asisten digital yang merespon suara"},
    {"word": "Internet of Things", "definition": "Perangkat yang saling terhubung melalui internet"},
    ...
]
[
    {"word": "Kolaborasi daring", "definition": "Bekerja sama secara online"},
    {"word": "Microblogging", "definition": "Membuat postingan singkat di media sosial"},
    {"word": "Smartwatch", "definition": "Jam tangan dengan fitur pintar"},
    {"word": "Viral challenge", "definition": "Tantangan yang populer di media sosial"},
    {"word": "Cloud storage", "definition": "Penyimpanan data secara online"},
    {"word": "E-wallet", "definition": "Dompet digital untuk transaksi online"},
    {"word": "Virtual reality", "definition": "Simulasi dunia nyata menggunakan teknologi"},
    {"word": "Augmented reality", "definition": "Menambahkan elemen digital ke dunia nyata"},
    {"word": "Deepfake", "definition": "Video atau gambar palsu yang sangat realistis"},
    {"word": "Hashtag challenge", "definition": "Tantangan di media sosial menggunakan hashtag"},
    {"word": "Bioinformatics", "definition": "Ilmu yang menggabungkan biologi dan komputer"},
    {"word": "Webinar", "definition": "Seminar yang dilakukan secara online"},
    {"word": "Infografik", "definition": "Informasi yang disajikan secara visual"},
    {"word": "Streaming game", "definition": "Menyiarkan permainan secara langsung"},
    {"word": "Clickbait", "definition": "Judul atau konten yang dibuat menarik untuk klik"},
    {"word": "Telecommuting", "definition": "Bekerja dari jarak jauh menggunakan teknologi"},
    {"word": "Data mining", "definition": "Menemukan pola dari kumpulan data besar"},
    {"word": "Digital nomad", "definition": "Orang yang bekerja online sambil bepergian"},
    {"word": "Hacktivism", "definition": "Aktivitas hacking untuk tujuan sosial atau politik"},
    {"word": "Subscription box", "definition": "Kotak berisi produk yang dikirim secara berkala"},
    {"word": "Crowdfunding kreatif", "definition": "Mengumpulkan dana untuk proyek kreatif"},
    {"word": "Wearable tech", "definition": "Perangkat teknologi yang bisa dipakai"},
    {"word": "Voice assistant", "definition": "Asisten digital yang merespon suara"},
    {"word": "Algorithm", "definition": "Langkah-langkah penyelesaian masalah yang terstruktur"},
    {"word": "Biometric", "definition": "Sistem pengenalan berbasis ciri fisik"},
    {"word": "Clickstream", "definition": "Jejak aktivitas pengguna di internet"},
    {"word": "Crowdsourced design", "definition": "Desain yang dibuat oleh banyak orang secara online"},
    {"word": "E-commerce", "definition": "Perdagangan atau bisnis online"},
    {"word": "Green tech", "definition": "Teknologi ramah lingkungan"},
    {"word": "Internet of Things", "definition": "Perangkat yang saling terhubung melalui internet"}
]
